date,total_equity,total_cash,market_value,open_positions
2026-09-20,100000.0,100000.0,0,0
2026-09-21,100000.0,100000.0,0,0
2026-09-22,100000.0,100000.0,0,0
2026-09-23,100000.0,100000.0,0,0
2026-09-24,100000.0,100000.0,0,0
2026-09-25,100000.0,100000.0,0,0
2026-09-29,100000.0,100000.0,0,0
2026-09-30,100000.0,100000.0,0,0
2026-10-01,100000.0,100000.0,0,0
2026-10-02,100000.0,100000.0,0,0
2026-10-03,100000.0,100000.0,0,0
2026-10-06,100000.0,100000.0,0,0
2026-10-07,100000.0,100000.0,0,0
